213558008340,Linge
213776245221,Linens
213561234217,Top
213550193351,Maison
213661495656,Linge
213550078968,CARRE
213779165447,Linge
213799843227,Literal
213557047064,Ma
213793791232,Linge
213553324633,Top
213552734188,CasaDeco
213540842238,Linge
213558549657,BBH
213797266635,Index
213784121624,nuage
213770312029,Naf
213654882578,Rozea
213551033520,Sweet
213781605404,Boutique
213550228068,Ets
213540164664,Maison_nature16
213555449050,Usine
213554052401,Carré
213554995613,Louanges
213781221520,TOP
213770229191,L'Escale
213657235950,We-Belles
213542120498,Piege
213799214430,Magic
213782421901,Divina
213660835760,La
213550754886,ODILA
213796511697,Lingerie
213552802919,Paris
213561609987,Pleinforme
213554009979,La
213778015746,Bonita
213559063124,Féminine
213550080745,Bali
213561204203,Alice
213552032557,Charmel
213560152388,PENTI
213550180858,Aylin
213557071815,Kawther
213552672201,Miss
213540459352,Youcef
213555618619,SOL'S
213560009090,أقمشة
213556575145,Razak
213779506929,SARL
213552176343,Cara
213540773366,Eurl
213559036825,Bazar
213661619276,SAFLTEX
213775614331,MelyStore
213665284039,Mercerie
213550336032,BIVALENT
213540971574,Le
213665582559,Rocher
213555469059,Casa
213554085308,فورست
213551890131,Carré
213540169330,Linge
213774393290,Tapis
213775305459,Chico
213550548958,افرشة
213558192158,Boutique
213795933726,Compagnie
213541324020,Golden
213770644069,Kathroom
213550575844,TWO-B
213556992467,L’Atelier
213550099738,ROSY
213541268458,Giovanni
213552434113,ROSARIA
213541776542,Dessus
213796691787,Kadirou
213560350378,Dentelle
213550862820,Eve
213698640896,Boutique
213771914703,Ïmmÿ
213770570256,ELYA
213542166563,Boutique
213554784258,Belle
213782089260,New
213669411159,Pink
213784151880,oran
213561841121,BLOOM
213659076119,Oui
213560051872,BZ
213779898704,Rose
213555873744,GROSSISTE
213698957287,Bmtex
213661373535,Drawza
213540402915,AZRO
213560035193,INDUCOTEX
213555068617,SARL
213555914709,BLK
213542039201,الثوب
213794961766,Fadel
213663985039,Le
213561809048,Ô
213551913643,R&R
213542227331,Sweet
213549937137,Yara
213542252787,Dari
213560602919,Grenadineconstantine
213558387548,دادي
213661666987,Printemps
213552183621,Vida
213799063936,Inside
213542979341,Dila
213770631123,GAMMEX
213560156704,YES
213554030776,BTH
213795713572,BOUTIQUE
213797056935,CoCo
213549267179,Ixora
213794420361,Queen
213550151750,Jimmy
213661301434,Djouana
213795552124,Gardenia
213792520955,Une
213770392406,قندورة
213552684432,Djouana
213541531785,O&I
213558909904,La
213552993110,BMF
213555657755,Tissus
213770865657,Chahine
213799408998,Boutique
213561800275,M.I
213770656963,Taym
213551006882,Biokaki
213550506485,Elite
213555552182,Suprême
213675856617,Quality
213560559357,هند
213541202543,Citex
213542517126,ar
213559183367,Vava
213541878067,Verona
213541201705,ALGER
213669422992,DOLCE
213699370835,Dar
213555764184,Top
213797667762,Mon
213553995098,Dar
213552232202,DAR
213555600315,Boutique
213661840327,أقمشة
213776701586,Eva
213663397122,Ciao
213553024865,ZIGZAG_UNDERWEAR
213555954371,Éclat
213554699021,BOUTIQUE
213665987795,Boutique
213669929396,eva
213657400040,Magasin
213699611711,Jasmin
213658277437,Annaba
213550555287,2M
213792919052,Samra
213669459431,LOULOU
213557362634,Luna
213661867173,DecoTex
213540809045,Ishak
213550840331,La
213560097762,Degriff
213553223406,Starmode
213563407661,La
213666099403,Boutique
213773754326,Linge
213666387065,home
213553886987,Menzil
213557088839,Full
213550112663,Cozy
213540858311,AT
213550136151,Linge
213770863738,Younes
213555843652,Linge
213554955916,Wizarat
213770542145,New
213540771883,Maison
213780566055,Sweet
213561648594,Charmel
213558961289,Victoria
213666212735,Victoria
213795703434,Boutique
213660205782,Chouchou
213552795984,Rose
213560071055,MINI
213559471386,Boutique
213698141331,Top
213561858694,Le
213770494944,La
213540826936,Rosaria
213781990538,محلات
213541723443,Sous
213557759575,Boutique
213779591944,Elegant
213662992422,Miad
213773804369,BH
213555574972,BHL
213771239517,حجابات
213782152658,Tissus
213795566693,Vetlux
213550507738,Magasin
213771258526,Youcef
213556242713,Magasin
213550400036,Sarl
213542396185,Basics
213782241982,SARL
213555157031,BBC
213540686461,La
213550763496,la
213661441570,قصر
213770840074,ROUINA
213561966644,Golden
213657327572,Sultana
213770817712,Boutique
213561578141,intimissima
213553353983,LA
213542898250,Floora
213551384027,Lingerie
213560294163,women'secret
213781454165,Issam
213667605427,la
213659209249,White
213549494770,Chantelle
213540375594,Classy
213551895277,Underwear
213557459659,Boutiqueellabella
213779042395,Boutique
213541225943,karim
213551866642,أقمشة
213662179155,Elwaida
213552427779,Top
213551844168,Deco
213783841092,yolodeco
213669560819,ASPIRA
213661635042,Linge
213777377964,Top
213661654224,Elyan
213777179005,Dorsia
213779506014,La
213551600181,مساء
213669202670,La
213697790077,Riad
213673672623,She
213774418926,للملابس
213663018852,Nova
213770401635,VOG
213659858546,Tissou
213558606244,أقمشة
213771200109,Tadjnenet
213541289746,Blanc
213553130315,La
213556415925,Espace
213552458965,DARYM
213549232283,Textila
213541425486,Au
213542594336,Linge
213558526123,Tahar
213560045829,Maison
213557485715,La
213560069774,Trousseau
213661314867,Caprice
213770524785,Trousseau
213560360488,Menzily
213555115748,LA
213561920345,TCHOUAR
213557013539,Boutique
213697285413,Lingerie
213656405534,Coup
213561889079,Lalla
213782678471,Boutique
213558076266,La
213558696937,Club
213770470002,Boutique
213770518721,Sweet
213559139778,T-D4A
213665669211,أقمشة
213555068424,VÊTEMENT
213550235913,SARL
213656281643,Les
213552954325,eurl
213540744561,El
213550538223,Vêtements
213555423501,Au
213560085382,Taïba
213559175488,Linge
213795440781,Boutique
213556681555,Boutique
213698162465,Ma
213556599883,Oxalis_homecollection
213561400269,Maison
213771462340,Magic
213793378344,Maison
213553210508,Fatale
213558681463,Caprice
213661265192,Lingerie
213557677961,Miss
213770413219,Nabla
213671082488,Daniel
213671001197,MINI
213792959218,Victoria.lingeri.06
213796693821,Miss
213541053835,AKKOUCHE
213560914670,women'secret
213554519869,Grifa
213664208333,Liniza
213556637997,Mercerie
213790298535,Tizefri
213696646718,Originaloo
213670101000,Tissus
213553964832,MB
213771006077,Frères
213659103248,Elwaida
213675439361,Tex70bba
213799807535,Evaxio
213559839894,DaVinci
213550186753,linge
213557704241,Bedding
213560645188,Linge
213554005522,FÜRRYS
213666955302,TIZI
213772376586,Hamid
213551282105,Magasin
213562246956,Griffa
213699934616,My
213540204570,Layki
213557286140,ROXY
213659546558,My
213673214942,Lingerie
213770150663,Glamour
213549761361,Eros
213553506483,ETAM
213557033280,Belle
213771790349,Soleil
213553387964,B
213561820415,Tebaatex
213551739825,boutique
213555082002,Tigharghar
213663728468,محل
213773665040,ROYAL
213557587465,Meuble
213674843598,محل
213673190922,محلات
213550662620,شارع
213675305105,Boutique
213561483062,Drap
213791181988,Dhia
213656644160,Boutique
213554074875,Boutique
213696054955,محل
213667494051,Louloua
213664533117,محل
213666782730,Boutique
213775588432,luxury
213674606489,محلات
213667728503,Bebe
213556833686,ALGERIE
213699113333,Vogue
213660659140,محل
213671156879,LAMSA.HF
213559644133,JOLIE
213541650205,Beautiful
213664301280,Articles
213675419756,Maison
213557475565,Cotton
213784090342,MEN+Pluse
213783908359,Papillon
213549751683,Sous
213796523264,Que
213662404334,BFMA
213663333794,محل
213556979431,Maria
213555038143,Usine
213560051524,SARL
213661773202,Cosmétiques
213770632193,Collection
213550201221,Boutique
213541963551,أقمشة
213772508622,ملابس
213550065588,Atlas
213561445805,‎جار
213782460234,حي
213783139124,Pyjama
213554262042,L'univers
213770412023,All
213697158488,Boutique
213542143020,Moda
213673412955,Meki
213782264027,Royaume
213557603637,Lady
213675528490,محل
213660072429,Skechers
213554902522,Boutique
213676168227,Pyjama
213770647388,Nasro
213770668348,Boutique
213556683787,Maison
213799980285,دلالي
213798788558,La
213782734204,My
213774102006,BAITY
213553136135,HS
213799648523,Boutique
213558371213,Boutique
213559238544,Boutique
213551100259,Aoued
213779403291,Boutique
213672780389,Lingerie
213779247124,Amir
213776977709,Joury
213559014189,My
213657823854,TED
213778426409,Boutique
213791803468,ملابس
213555402363,Look
213542398942,Miss
213791424960,bachir
213799891587,Gammex
213555973494,Mercerie
213793068209,ATS
213550867751,Kid
213772334414,HOME
213559647339,Dialna
213542185543,Bouhadda
213551840072,Mega
213660316131,حي
213560093352,Babyshop
213662383181,RYMA
213796220105,الأفرشة
213560995000,Meuble
213555750950,Stoutah
213772342496,Colorine
213550753052,Déco
213559515678,أواني
213770482088,Ba
213556109846,Djolan
213771736083,Amir
213542062072,Historia
213553303732,Cuire
213791768794,Ghali
213779001926,imiroza
213541138436,LA
213778142527,Mizo
213550734544,Draouza
213549747020,GROSSISTE
213661757154,Boutique
213781027601,بيع
213780800854,Modetex-3
213661372323,Drawza
213782827215,golden
213550145222,Sigma
213656049029,Draps
213540011966,Kimolinge
213782827215,golden
213663352169,بازار
213671750033,Las
213652782723,Modevo
213552553983,GDB
213698037537,شريكة
213675771834,Er7i
213654476564,ABDELALI
213652369132,GH
213549171511,SARL
213675301065,جوهرة
213776245221,Linens
213697454609,Boutique
213559472358,Sikico
213557487921,Top
213549294883,Bella
213609688406,ASD
213954561598,Kcosmetique
213777373279,grossiste
213565222118,AVM
213645563839,Grossiste
213775828089,مفروشات
213770954291,Benslama
213550594771,Mekhalif
213668082987,Boutique
213675144021,Élite
213661131311,Décor
213664504016,Mekhalif
213658081144,Magasin
213779798920,Salima
213556503899,Princesse
213782639552,Cuisine
213552598394,Guaitoun
213657405365,Sara
213559115335,Le
213664611997,Décoration
213782616101,Boutique
213771867129,قمرلاند
213664087987,Groupe
213661155963,Capital
213670150131,Basic
213699599011,MAGASIN
213551693333,Maison
213550895648,yolodeco
213551693333,Maison
213659179107,Sira
213660160640,Ritedj
213542784839,Showroom
213556678600,rose
213555349356,BRANDT
213553337406,Boutique
213771539731,Boutique
213561600803,good
213770940092,Boutique
213770315738,GLAMOUR
213670885090,The
213541848069,Mirashop
213561244405,Boutique
213673306286,اللؤلؤة
213660566566,boutique
213561268359,محل
213775627501,Gammex
213696483174,Boutique
213770415147,Saida
213799971826,Boutiques
213778015636,Farah
213771759554,Superstoretiaret
213669162125,Fashion
213560060862,BAITI
213791887655,AYLA
213775320360,Moda
213770405099,Boutique
213784131393,Lingerie
213555550969,yolodeco
213783070007,Alpha
213699333215,La
213559850460,كونشوفالي
213672252461,Cassiopée
213661932772,ÐÉCO
213659993114,Decotex
213772399742,Rocha
213554257508,DOLINE
213551201857,Suppérette
213674641421,Manéna
213666124125,ملابس
213563696674,Boutique
213554932817,Boutique
213780296070,boutique
213549349307,Arena
213553321431,ملابس
213663797125,Boutique
213793618838,FATIHOME
213551163940,Magasin
213793516598,Ustensiles
213553713731,Vendeuse
213557125832,Manzily
213559435447,Lalibi
213542444161,Palais
213562601152,Maison
213554241711,SF
213793618838,FATIHOME
213554152652,Household
213556200646,ProCook
213771026735,L&T
213798327256,Le
213550818954,Le
213555420266,Zerrouki
213552099995,Shop
213770827032,Wahid
213771383696,Lalibi
213697251782,Lingerie
213549214159,La
213779444902,Boutique
213674166317,MAISON
213662301650,Chic
213540865085,Boutique
213549066337,Casa
213660151415,Luxe
213663951534,مرغوب
213556780885,بوتيك
213659064969,Boutique
213792694763,Rimass
213770572972,الأندلس
213553818770,محلات
213558009767,محلات
213540342228,Black
213553772235,ILBISSY
213550278797,Queen
213667441091,MousTex
213560990848,SARL
213778736498,D_K
213560841485,الثوب
213560889436,CORNER
213799710673,Atlasstore
213553712861,Au
213556040052,Top
213669731344,Danteela
213775613619,New
213556057340,محلات
213793334749,Bazita
213775120149,Pink
213658972280,Ali
213557291297,CROCOMANIA
213778432179,بنت
213770641644,القفص
213661551998,Badreddine
213660999444,Tidy
213656435807,DiDOU
213782234038,Boutique
213781063516,Boutique
213696400570,Garanda
213777464611,Boutique
213655886600,Magasin
213542764275,Showroom
213550962688,La
213557763312,GRIFFA
213549585514,Bella
213698716951,Parciparla
213770783888,Big
213668751660,Pink
213550962619,MaEva
213559194622,Lady
213661596464,RYS
213555343014,Boutique
213561379305,DYDMODE
213556870832,Ines
213698803628,Ritadj
213656307025,Bedrane
213551688418,WEPROVETT
213698871007,Vêtement
213659106601,بيع
213699580348,La
213671100909,Moulin
213660036121,Boutique
213663594973,La
213549480727,Linge
213662638501,Boutique
213776151267,Faabihome
213793268457,Boutique
213663462884,boutique
213561583656,Tuba
213549961419,Anil
213696059597,WOMEN'SECRET-BIBIFOUZI
213795777559,Boutique
213660900544,GROUPE_HADJAM
213663337892,جلابيب
213542219087,Dida
213771096531,Hadjam
213657313135,Matelas
213550489089,Africha
213671349885,Baby
213781745144,الدبدابة
213698861602,Violetta
213773097177,Boutique
213560581808,Dania
213794336967,ملابس
213675880682,محل
213555925000,L’intima
213542970433,مجمع
213559593876,Royaume
213662741093,Magasins
213550766473,Boutique
213552597261,Boutique
213552976183,Point
213558447735,Boutique
213771963162,1001
213656630158,Boutique
213553378227,Tibou
213554380327,Boutique
213541807374,Hareer
213675423537,Fashion
213558095360,Lin
213558807213,Grandes
213550728468,Boutique
213770892305,Détergents
213553092694,Teksaray
213660064122,Decory
213793526719,Au
213671842149,بازار
213558610525,Boutique
213550954472,بزار
213696410980,PETA
213541339038,Boutique
213776216112,𝓛𝓪
213561556573,حبيبو
213697132414,Boutique
213657224922,Lingerie
213793212241,JET7.bel
213554799508,Magic
213559299165,Paradise
213659642942,prichoc
213553775758,Sakanideco
213672602181,La
213550986709,rb_home24
213792708992,La
213555317964,Super
213666816878,Boutique
213661403873,Celina
213797600492,Bazar
213671661183,Boutique
213556512057,New
213664020303,Maxi
213557825022,La
213554777358,Elvira
213551651370,Etam
213661493669,Tz24
213671360641,Caprice
213541313548,Boutique
213671698136,CHKIB
213778899176,Sous
213794829925,Dreem
213560312656,Ahmed
213542501647,مالك
213550444396,اقمشة
213666422424,Habita
213656338343,Pijama
213660504677,محل
213669781774,Cerine
213660342831,صحاري
213698807099,Classy
213674389892,شيماء
213662217829,لوازم
213657360120,Golden
213671547537,شيرين
213697675193,Surprise
213664465577,دقة
213668489820,قطرة
213697018507,Femmes
213661891653,محلات
213697998381,sari
213673340726,chic
213660303132,Boutique_Oussama
213668865403,محل
213791101012,محل
213770889334,La
213669444151,فراجي
213697321318,محل
213665162093,بازار.Redjel.لملابس
213654409363,IM
213669127997,الفاخر
213664724454,Fachion
213665768494,محلات
213780984016,Silk
213555147899,smail
213552057907,عمار
213676929695,الاناقة
213773762745,Barouche
213782786798,UlT
213699682757,Vente
213560060041,SEBTEX
213542135310,Fayrouz
213675357048,إليزي
213561682907,TNTEX
213770318569,Fymatex
213550913465,Mohamedi
213666667936,El
213660795454,Linge
213674980948,HASNA
213559312292,مفروشات
213556529713,Good
213550649432,محلات
213661469012,Royal
213560176164,قطاع
213667227157,Habib
213780100678,Bazar
213796134823,بهلولي
213540105394,Home
213783269098,Nouha
213661613451,Fatale
213551455538,Fatale
213666634804,Dontella
213699201221,Boutique
213552351854,tress
213671008934,Bouchra
213542477273,️
213542830600,Dominant
213554136241,she
213781451136,Khadidja
213550452463,BZD
213558075202,Bnz
213771919135,Bordj
213661678556,SARL
213550354124,R
213550226001,Elwaida
213661734154,Belazzoug
213774664777,FANTEX
213663861070,Algeria
213661370329,(
213663222187,الفتية
213667394341,Draps
213552263334,Mercerie
213554018745,Younes
213552298261,Amir
213554243229,Maison
213661163324,Univers
213551272591,Rose
213549830563,Laplaya
213558435051,Amirouche
213558643575,Florencia
213549745136,Tulipe_lingerie
213553192022,Mercerie
213549666360,Orchidée
213782496961,nounou
213560487736,Aichouche
213792318490,Mercerie
213550647864,Promesse
213558850661,Zineb
213770861030,Guzel
213552427754,Aysha
213771646464,INTIMO.DZ
213549540814,yasmine
213770799991,Robe
213558083639,Mister
213558867124,Dentelle
213553419178,Luxury
213796871285,Roseline
213553432122,Paradise
213799355042,Comatex
213550848472,EURL
213560909091,EVENT
213555158754,Glam'Chic
213541234183,EURL
213561616567,Sarl
213550693200,Boumerdes
213560991480,Africha
213549490206,Top
213661238373,PRETTY
213540009766,textiles
213661593686,Zone
213540459352,Youcef
213778374233,Atelier
213770490802,Brandt
213552561992,Meubles
213773384576,اثاث
213774180434,Chada
213774918648,Moon
213657455601,Magasin
213781823563,Divano
213557611960,جوهرة
213782880251,Accessoires
213775200528,Boutique
213552713860,Chouchane
213791109310,SHOWROOM
213797916486,Fashion
213770993734,Glamour
213562017872,Boutique
213771622804,Boutique
213775183398,Fashion
213540185873,Boutique
213782742133,Boutique
213554922012,Boutique
213796004501,Boutique
213553281334,Aya
213777635661,Boutique
213559929750,Boutique
213559850086,Linge
213796551476,Luxuryhome
213554558444,Linge
213555150680,Hichem
213556588262,Casa
213559120031,Victoria
213673371278,Boutique
213664467144,Diamantina
213657266647,عيدود
213657057727,Lali
213772400002,Brandt
213556149192,لؤي
213796366909,Établissement
213541993657,Adelco
213671685721,كابيتال
213551354902,boutique
213554271352,محلات
213557998485,VIP
213559839355,Boutique
213551040201,Chic
213663808889,Reservoir
213562958841,Boutique
213779203612,JET7
213671857115,بوطاس
213671797546,Cosmétiques
213777000202,NOVA
213555886661,Linge
213555886661,Linge
213667731588,Tipaza
213555274270,Magasin
213776696959,Top
213558054915,Mila
213637041733,MAXMILA
213551047298,Silina.
213658547489,Souiki
213790170462,Prix
213659286082,Ksifd
213660489794,La
213661116192,Primadonna
213770283852,Pyjama
213778527829,Hamidi
213781738960,LAIB
213550513908,La
213781844734,LOY
213697000908,L'Escale
213661605716,BATISTORE
213770974059,Mon
213781754220,Kale
213659515902,بن
213540508313,K&M
213698170673,Arena
213666823399,Casa
213696253414,boutique
213672660283,Djana
213559422685,Lovelace
213672335531,Boutique
213558282551,LIMITED
213553972928,Brava
213790825694,Boutique
213542526261,Mz_boutique
213793667078,Abdelhak
213696953176,Owl
213550038685,RS
213655119767,سفيان
213661176034,Madame
213551434422,Women’secret
213666434612,Beau
213798699249,Alimentation
213798699249,Alimentation
213657789954,الانيق
213655344474,ALILO
213541850396,Prix
213799787221,Magazin
213562039169,Jour
213665459354,Pink
213797122763,Cosmiblle
213795390336,Boutique
213793400869,HABIB
213541608410,new
213550353060,Linge
213667684541,FEMME
213775614331,MelyStore
213540687724,ألبسة
213556400753,Linge
213675497832,RAOUF
213558872692,Noussi
213793269790,محلات
213797643155,Comatex
213550431205,Lingerie
213555236168,H.M
213791940534,TiMI
213674675867,"Timgour,"
213550707975,Sidra
213673423083,Lingerie
213663066448,محل
213554286674,Boutique
213556724496,Lingeries
213555151601,Lingerie
213553810302,Boutique
213555086623,Moroy
213665661837,Vêtements
213671516058,بوتيك
213794636910,فاطمة
21321869901,Ventes
213560581808,Dania
213563407661,La
213556923591,SAMY
213656551853,Salah
213562535094,Saleh
213235078680,Les
213540971574,Le
213659316087,بيع
213560051872,BZ
213554558444,Linge
213553162724,Stock
213668088850,Tissam’s
213563599419,khalti
213552106625,Papatya
213671216133,LENSARI
213777165243,Silk
213540401360,ZZ
213553001768,Sadek
213550840360,LE
213551293237,Good
213556737716,Ceramique
213541095030,Türkan
213781005187,Algerie
213550003654,Bazar
213776553066,Style
213797707571,أقمشة
213552390313,Moustex
213560517296,Fantex
